{
  "6369434417": {
    "start_time": 1768823592.109338,
    "end_time": 1768909992.109338,
    "days": 1,
    "forever": false
  }
}